id,query_string,repository_id,repository_url,project_url,version,title,description,language,doi,upload_date,download_date,download_repository_folder,download_project_folder,download_version_folder,download_method
1,qualitative,1,https://qdr.syr.edu/,doi:10.5064/F6GWMU4O,,Interviews Regarding Data Curation for Qualitative Data Reuse and Big Social Research,"<p>
<h3>Project Overview</h3></p>
<p>Trends toward open science practices, along with advances in technology, have promoted increased data archiving in recent years, thus bringing new attention to the reuse of archived qualitative data. Qualitative data reuse can increase efficiency and reduce the burden on research subjects, since new studies can be conducted without collecting new data. Qualitative data reuse also supports larger-scale, longitudinal research by combining datasets to analyze more participants. At the same time, qualitative research data can increasingly be collected from online sources. Social scientists can access and analyze personal narratives and social interactions through social media such as blogs, vlogs, online forums, and posts and interactions from social networking sites like Facebook and Twitter. These big social data have been celebrated as an unprecedented source of data analytics, able to produce insights about human behavior on a massive scale. However, both types of research also present key epistemological, ethical, and legal issues. This study explores the issues of context, data quality and trustworthiness, data comparability, informed consent, privacy and confidentiality, and intellectual property and data ownership, with a focus on data curation strategies. The research suggests that connecting qualitative researchers, big social researchers, and curators can enhance responsible practices for qualitative data reuse and big social research.</p>

<p>This study addressed the following research questions:</p>
<p>RQ1: How is big social data curation similar to and different from qualitative data curation?</p>
<p><li>RQ1a: How are epistemological, ethical, and legal issues different or similar for qualitative data reuse and big social research?</li></p>
<p><li>RQ1b: How can data curation practices such as metadata and archiving support and resolve some of these epistemological and ethical issues?</li></p>

<p>RQ2: What are the implications of these similarities and differences for big social data curation and qualitative data curation, and what can we learn from combining these two conversations?</p>

<p>
<h3>Data Description and Collection Overview</h3></p>
<p>The data in this study was collected using semi-structured interviews that centered around specific incidents of qualitative data archiving or reuse, big social research, or data curation. The participants for the interviews were therefore drawn from three categories: researchers who have used big social data, qualitative researchers who have published or reused qualitative data, and data curators who have worked with one or both types of data. Six key issues were identified in a literature review, and were then used to structure three interview guides for the semi-structured interviews. The six issues are context, data quality and trustworthiness, data comparability, informed consent, privacy and confidentiality, and intellectual property and data ownership.</p>

<p>Participants were limited to those working in the United States. Ten participants from each of the three target populations—big social researchers, qualitative researchers who had published or reused data, and data curators were interviewed. The interviews were conducted between March 11 and October 6, 2021. When scheduling the interviews, participants received an email asking them to identify a critical incident prior to the interview. The “incident” in critical incident interviewing technique is a specific example that focuses a participant’s answers to the interview questions. </p>

<p>The participants were asked their permission to have the interviews recorded, which was completed using the built-in recording technology of Zoom videoconferencing software. The author also took notes during the interviews. Otter.ai speech-to-text software was used to create initial transcriptions of the interview recordings. A hired undergraduate student hand-edited the transcripts for accuracy. The transcripts were manually de-identified.</p>

<p>The author analyzed the interview transcripts using a qualitative content analysis approach. This involved using a combination of inductive and deductive coding approaches. After reviewing the research questions, the author used NVivo software to identify chunks of text in the interview transcripts that represented key themes of the research. Because the interviews were structured around each of the six key issues that had been identified in the literature review, the author deductively created a parent code for each of the six key issues. These parent codes were context, data quality and trustworthiness, data comparability, informed consent, privacy and confidentiality, and intellectual property and data ownership. The author then used inductive coding to create sub-codes beneath each of the parent codes for these key issues.</p>

<p>
<h3>Selection and Organization of Shared Data</h3></p>
<p> The data files consist of 28 of the interview transcripts themselves – transcripts from Big Science Researchers (BSR), Data Curators (DC), and Qualitative Researchers (QR) respectively. Two participants declined having their data shared. Additional data files include the redacted interview analysis, and participant summaries (Memos). The documentation files include the individual interview guides for each of the participant categories, two versions of the consent form, a codebook, the emails sent to the participants, a file of the interview dates and duration and the IRB protocol.</p>",English,doi:10.5064/F6GWMU4O,2022-05-04T19:31:56Z,2026-04-16 18:46:46,qdr,doi_10_5064_f6gwmu4o,,API
2,qualitative,1,https://qdr.syr.edu/,doi:10.5064/F6XZV8BZ,,Data for: Teaching with Shared Data for Learning Qualitative Data Analysis: A Multi-Sited Case Study of Instructor and Student Experiences,"<h3> Project Overview</h3>
<p>This study investigates the teaching methods used by two instructors of qualitative research methods at two different academic institutions (Site A and Site B) to integrate data analysis instruction into their curricula. Situated within the theoretical frameworks of active learning, this work draws upon contemporary scholarship that underscores the importance of student engagement through hands-on analytical activities. We specifically focus on the concept of “shared data” – defined as data collected or archived by others, such as datasets sourced from online repositories or anonymized collections prepared by educators for teaching demonstrations – and examine how these resources are utilized. Employing a qualitative case-study design, this project analyzes how each instructor leverages shared data differently to facilitate skill-building in qualitative data analysis, specifically considering both an introductory and advanced context. By juxtaposing these instructional practices, this study offers insights into the nuanced applications of shared data in qualitative research education and highlights the role of data type, course level, and instructional environment in shaping students’ analytical competencies.</p>",,doi:10.5064/F6XZV8BZ,2024-04-02T18:18:40Z,2026-04-16 18:47:00,qdr,doi_10_5064_f6xzv8bz,,API
3,qualitative data,1,https://qdr.syr.edu/,doi:10.5064/F6YYA3O3,,"Data for: Qualitative Data Sharing: Participant Understanding, Motivation, and Consent","<h3>Project Summary</h3>
<p>As part of a qualitative study of abortion reporting in the United States, the research team conducted cognitive interviews to iteratively assess new question wording and introductions designed to improve the accuracy of abortion reporting in surveys (to be shared on the Qualitative Data Repository in a separate submission). As expectations to share the data that underlie research increase, understanding how participants, particularly those taking part in qualitative research, respond to requests for data sharing is necessary. We assessed research participants’ willingness to, understanding of, and motivations for data sharing.</p>
<h3>Data Overview</h3>
<p>The data consist of excerpts from cognitive interviews with 64 cisgender women in two states in January and February of 2020 in which researchers asked for respondents for consent to share de-identified data. Eligibility criteria included: assigned female at birth, currently identified as a woman between the ages of 18-49, English-speaking, and reported ever having penile-vaginal sex. Respondents were screened for abortion history as well to ensure that at least half the sample reported a prior abortion. At the end of interviews, participants were asked to reflect on their motivations for agreeing or declining to share their data. The data included here are coded excerpts of their answers. Most respondents consented to data sharing, citing helping others as a primary motivation for agreeing to share their data. However, a substantial number of participants demonstrated limited understanding of “data sharing.” Data available here include the following materials: overview of methods, cognitive interview consent form (with language for data sharing consent), and data sharing analysis coding scheme.</p>",English,doi:10.5064/F6YYA3O3,2023-04-27T22:34:59Z,2026-04-16 18:47:52,qdr,doi_10_5064_f6yya3o3,,API
4,interview,1,https://qdr.syr.edu/,doi:10.5064/F600CMLO,,"Demand for Modern Contraception in Sub-Saharan Africa: New Methods, New Evidence","<h3>Project Overview</h3>
	
<p>West and Central Africa have the highest fertility rates in the world. These high birthrates are largely a function of desired fertility and continued allegiance to large families. Recent survey data on the desired number of children for 41 countries in sub-Saharan Africa (SSA) shows a median value of 4.8 children, with only one-quarter of the countries characterized by a mean value under 4.0 and more than one-quarter with a mean value above 5.0. From survey data we know nothing about what satisfactions and returns men and women seek in childbearing, and how they assess the costs and benefits of large versus small families.</p>

<p>Despite the high demand for children, unintended pregnancy is common in SSA. Between two and three pregnancies per woman on average (including induced abortions) over the entire reproductive career are unintended. The unintended pregnancy rate is twice as high in SSA as it is in Europe, North America, and Asia.</p>

<p>The advantages of using modern contraception are recognized, but perceptions of the advantages of use co-exist with uncertainties about whether taking this step is prudent, all things considered.  There are competing rationales, in tension with one another.  Moreover, there are multiple actors – both the woman and her male partner, and possibly other near-kin, as well as influential community leaders – whose views figure into contraception decision-making.</p>

<p>By comparison with the large volume of research on how to strengthen family planning services in this region, there has been relatively little probing research on the demand for modern contraception. This qualitative data collection conducted as part of a larger program of research aimed to correct this imbalance through a multi-faceted investigation of fertility desires and their bearing on the demand for modern contraception.</p>

<p>The objective of the qualitative data collection was to explore men’s and women’s fertility desires and demand for modern contraception through in-depth investigation of the complex set of factors that argue for and against avoiding pregnancy in the Nigerian context, and the social, psychological and dyadic processes that translate the desire to avoid pregnancy into decisions to use (or not use) modern contraception.</p>",,doi:10.5064/F600CMLO,2023-01-06T15:13:21Z,2026-04-16 18:47:58,qdr,doi_10_5064_f600cmlo,,API
5,interview,1,https://qdr.syr.edu/,doi:10.5064/F6MJXLBJ,,Data For: Building a 4E Interview-Grounded Theory Model: A Case Study of Demand Factors for Customized Furniture,"<b>Project Summary</b></br>
This project examined factors that influence the demand for customized furniture among consumers in different regions across China.  The researchers used a new 4E interview-grounded theory model to conduct semi-structured interviews exploring the topic. The authors developed the 4E interview guide, based on grounded theory, to capture consumer opinions along four dimensions: essential information, information extraction, user experience, product expectation. 
</br></br>
The 4E interview guide was able to structure and organize the factors influencing the demand for customized furniture to ensure the integrity of the interview content. The initial coding categories derived from the 4E guide have strong logic and adopt grounded theory as the analysis method of interview content. 
</br></br>
<b>Data Collection and Description Overview</b></br>
This study was approved for ethical review by the Science and Technology Office of Nanjing Forestry University. At the same time, all participants signed a written informed consent form before the interview, which included the basic information of this study, the right to voluntary withdrawal and the financial reward.
</br></br>
Before full data collection began, two pilot interviews were conducted as a field sample interview test. The initial 4E interview guide, created on the basis of literature review on relevant consumer experience topics, was then adjusted and refined according to the interviewees’ responses. The final interview guide contains both the main themes the researchers explored, and follow-up questions used to gain an in-depth understanding of users’ thoughts and guide participants to return to the main themes in their responses.
</br></br>
The full data collection took place between February and April 2022. The researchers interviewed 36 consumers who have purchased customized furniture or needed to purchase customized furniture in the previous six months. With the consent of the interviewees, the interviews were recorded. The interview conversations were held in the homes or offices of the interviewees. In order to make the interview results more representative, this study selected people with different occupations and levels of education; half of the respondents were male and half female. The interviewees ranged from 20-55 years in age, including 32 young people aged 20-35. This is consistent with the fact that, according to the <i>Weekly Report of Light Industry and Textile Garment Industry</i>, China’s post-90s and post-85s generations rank first and second in preference for customized furniture in 2020.
</br></br>
The results of the interviews were coded and analyzed by both researchers, and new concepts and categories were collected in a continuously inductive process. Saturation tests were conducted on the coding results to construct a model of the influencing factors of customized furniture. In other words, when no new initial concepts, new categories and path relations appeared in the coding process of the original text data of the subsequent interviewees, the primary and secondary categories were determined to be complete and passed the theoretical saturation test.
</br></br>
<b>Selection and Organization of Shared Data</b></br>
The data shared here consist of the full set of 36 de-identified interview transcripts in Chinese, with the most relevant portions analyzed for the accompanying article translated in English by the authors. The full interview script is also shared as contextualizing documentation.",Chinese; English,doi:10.5064/F6MJXLBJ,2023-03-16T03:15:19Z,2026-04-16 18:48:11,qdr,doi_10_5064_f6mjxlbj,,API
6,interview study,1,https://qdr.syr.edu/,doi:10.5064/F6WMOBYB,,"Data for: A Qualitative Study of Knowledge, Attitude and Perceptions towards Malaria Prevention among People Living in Rural Upper River Valleys of Nepal","<h3> Project Summary: </h3>

<p> Nepal has made significant progress in decreasing the number of malaria cases over the last two decades. Prevention and timely management of malaria are critical for the National Malaria Program in its quest for elimination. The study aimed to explore the knowledge, attitudes and behaviour towards malaria prevention and treatment among people living in rural villages of Khatyad Rural Municipality in Nepal. </p>

<p>Methods: This qualitative study collected information through virtual in-depth interviews (N=25) with female and male participants aged between 15 and 72 years.</p>

<p>Results: More than half of the participants knew about the causes of malaria, were aware of the complications of untreated malaria and knew that anti-malarial medicines were provided for free at the public health facilities. Participants indicated that their first choice of health care was public health facilities, however limited supply of medications and diagnostics deviated patients to the private sector. While tertiary care costs were not financially viable, participants opted against traditional care for malaria. Factors such as cost of treatment, distance to the health facility and the decision-making authority in households influenced health-related decisions in the family. Although long-lasting insecticidal nets were distributed and indoor residual spraying was done periodically, several barriers were identified.</p>

<h3>Data Overview: </h3>
<p>The data were collected virtually and individual consent was taken to audio record the interview. The participants were purposefully selected and a local research assistant supported the logistics and arranged the interviews. A semi-structured interview guide was developed based on similar research and the researchers’ experience exploring the topic of malaria. In-depth interviews are used in public health research to explore the perspectives, experiences and thought processes of individuals and to understand how these influence behavioural choices.</p>

<p>The original interview recordings and the transcripts have been stored in Curtin repository as required by the Human Research Ethics Committee.</p>

<h3> Data Collection Overview: </h3>
<p>Due to COVID-19 travel restrictions, the interviews were conducted virtually using video conferencing. Participants provided consent, both oral and written, before participating in the study, including for audio-recording. All interviews were conducted in Nepali. Interviews were between 25 and 35 minutes in length. Confidentiality was ensured by using pseudonyms and removing direct identifiers, including names. Raw data were stored securely.</p>
<p>Study Participants: This qualitative study collected information through virtual in-depth interviews (N=25) with female and male participants aged between 15 and 72 years. As the interviews were all conducted in the local Nepalese language, we have uploaded the translated transcripts so that it is reader friendly. </p>
<p>Study Sites: The data were collected from respondents who resided in Khaytad Rural Municipality of Mugu District which is situated in the remote Western parts of Nepal. </p>

<h3>Data Processing:</h3>
<p>Audio recordings of the interviews were first transcribed verbatim in Nepali and later translated into English. The files shared here are translated and de-identified transcripts.</p>",English,doi:10.5064/F6WMOBYB,2022-03-21T14:02:21Z,2026-04-16 18:48:16,qdr,doi_10_5064_f6wmobyb,,API
7,focus group,1,https://qdr.syr.edu/,doi:10.5064/F6LQGCLG,,Youth and Adult Responses to E-cigarette Warning Messages - Focus Group Transcripts,"<p>
<h3>Project Overview</h3></p>
<p>The broader project explored response to nuanced messages, described in the study as warnings, that communicate information on the toxicity of ingredients in e-cigarettes, potential health risks, addiction to nicotine, and the uncertainty of the science regarding health effects of using these products. Youth (N=32) and adult (N=37) participants with various smoking and vaping experiences discussed the messages in focus group settings, to determine how they respond to hypothetical warning statements.</p>

<p>
<h3>Data Overview</h3></p>
<p>Data were collected via a qualitative focus-group study of e-cigarette advertising and warning messages. A research firm with expertise in qualitative methods (C + R Research) recruited participants from a national database and conducted the focus groups. Due to the COVID-19 pandemic, the discussions were conducted through a live video- and audio-enabled online platform during the summer of 2020. At least one member of the research team served as an observer for each of the 16 sessions. Research team members were not visible to the focus group participants, nor did they take an active part in the discussions. The focus groups were audio recorded and used to generate verbatim transcripts.</p>

<p>Adult participants (N = 37) were drawn from three groups of smokers:</p>

<ol type=""1"">
<li>dual users of cigarettes and e-cigarettes (N = 12, 2 groups)</li>
<li>former combustible cigarette smokers who switched entirely to e-cigarettes (N = 7, 2 groups)</li>
<li>current users of only combustible cigarettes (N = 18, 4 groups).</li>
</ol>

<p>Youth participants (N=32) were grouped by:</p>

<ol type=""1"">
<li>those who never used combustible cigarettes or e-cigarettes and</li>
<li>those who used/tried e-cigarettes only.</li>
</ol>

<p>The focus group study tested 21 hypothetical warning statements that were modified from publicly available e-cigarette warning statements from public health sources such as the FDA, the Truth Campaign, the CDC, and the Surgeon General. Participants also saw e-cigarette advertisements containing the then current FDA-mandated warning. The warning statements focused on the ingredients in e-cigarettes, health impacts of e-cigarette use, developmental impacts of using e-cigarettes, addictiveness of e-cigarettes, and potential unknown risk of using these products, both in absolute terms and relative to combustible cigarettes. Sixteen statements included qualified or uncertain language. Each group of participants saw eight warning statements. All participants viewed at least one warning in each category, and the order in which participants viewed warning statements was randomly assigned.</p>

<p>
<h3>Selection and Organization of Shared Data</h3></p>
<p>The data files consist of the focus group transcripts separated by gender and age group (organized in two higher-level folders: ""Adults"" and ""Youth""). The documentation files consist of: a recruitment screener for adults, a recruitment screener for youth, the consent and assent forms used, the focus group discussion guide, a document illustrating the focus group stimuli, and a document recording the relevant attributes (age, gender, smoking experience) of each participant category.</p>",English,doi:10.5064/F6LQGCLG,2022-11-01T19:10:42Z,2026-04-16 18:48:24,qdr,doi_10_5064_f6lqgclg,,API
8,focus group,1,https://qdr.syr.edu/,doi:10.5064/F6PN4ARY,,Integrating End-User Needs and Perspectives in the Measurement of Young Adult Climate Change Distress,"<h3>Project Overview</h3>
<p>Over 60 percent of youth worldwide experience climate distress—negative emotions related to climate change—and an estimated 5–27 percent of those affected report adverse psychiatric symptoms such as impaired sleep or intrusive thoughts. Despite this prevalence, relatively little research addresses distress related to the chronic effects of climate change and climate change awareness. Much of the existing biomedical and public health literature focuses on measuring mental health impacts, with less attention to actionable strategies for climate and health adaptation. </p>
<p>This current deposit is part of a larger mixed-method project study on young adult climate change distress, which involved five focus groups of professionals who regularly work with youth and adolescents, separate focus groups with 21 young adults, as well as a follow-up survey with 190 young adults. The goals for the broader study were to distinguish young adult climate distress from other forms of psychological distress, to improve data and resources on climate distress and to identify action priorities in this domain.</p>",,doi:10.5064/F6PN4ARY,2025-12-29T21:45:04Z,2026-04-16 18:48:29,qdr,doi_10_5064_f6pn4ary,,API
9,ethnography,1,https://qdr.syr.edu/,doi:10.5064/F6CBM0MJ,,The Effects of the Law on the Lives of Central American Unaccompanied Minors in the US,"<h3> Project Summary: </h3>

<p> Over a half million unaccompanied minors have been apprehended at the US-Mexico border in the past 10 years. They hail from Honduras, El Salvador, and Guatemala, countries where human rights violations, violence, and insecurity are widespread, and teenagers are especially at risk of being targeted and victimized by gangs. This study centers the experiences and perspectives of these youth and their immigration attorneys as together they navigate US removal proceedings, applying for asylum or Special Immigrant Juvenile Status. While unaccompanied minors are a formally protected group under US immigration law, I find that, in fact, there are vast gaps between legal protections in the books and their implementation in practice. As a result, even with high quality legal representation, too many youths remain in lengthy legal limbo or risk deportation back to home countries where they faced life threatening violence. </p>

<p> This study consists of six years of research (2015-2021), spanning the Obama and Trump administrations. I conducted longitudinal and multi-sited ethnographic fieldwork in various non-profit legal aid organizations that represent unaccompanied minors in Los Angeles. There, I shadowed immigration attorneys and other staff as they helped nearly 80 youths apply for asylum and/or Special Immigrant Juvenile Status (SIJS) and navigate challenges beyond the legal realm. In these same legal aid organizations, I also spent countless hours working as a volunteer legal assistant and English-Spanish interpreter to help attorneys prepare asylum cases. </p>

<h3> Data Overview: </h3>

<p> The ethnography involved shadowing immigration attorneys and other NGO staff as they met with their Central American unaccompanied minor clients to help them apply for asylum and deportation relief for abandoned, abused, or neglected children. I complemented the ethnography by conducting 122 in-depth interviews, 55 of which were with immigration attorneys, other advocates, and asylum officers. The rest of my interviews were with 45 Central American unaccompanied minors and 10 of their caretakers; I stayed in touch with many of these youths over an extended period of time and re-interviewed 12 of them roughly two years after we first met. </p>

<h3> Organization of Shared Data: </h3> 

<p>Metadata materials shared include immigrant interview protocols and demographic information for immigrant youth interviewees. Transcripts and fieldnotes are not shared to protect the identity and case information of this exceptionally vulnerable study population of unaccompanied children in active US removal proceedings. The fact that only the researcher would have access to those materials was a condition agreed upon both with UCLA IRB and with study respondents. A detailed description of the study methodology can be found in the appendix of Galli, Chiara. Forthcoming. <i> Precarious Protections: Unaccompanied Minors Seeking Asylum in the U.S. </i> University of California Press. </p>","English; Spanish, Castilian",doi:10.5064/F6CBM0MJ,2022-03-18T13:32:38Z,2026-04-16 18:48:36,qdr,doi_10_5064_f6cbm0mj,,API
10,ethnography,1,https://qdr.syr.edu/,doi:10.5064/F6PXS9ZK,,"Data for: The Pandemic Journaling Project, Phase One (PJP-1)","<h3>Project Summary</h3>
<p>This dataset contains all qualitative and quantitative data collected in the first phase of the Pandemic Journaling Project (PJP). PJP is a combined journaling platform and interdisciplinary, mixed-methods research study developed by two anthropologists, with support from a team of colleagues and students across the social sciences, humanities, and health fields. PJP launched in Spring 2020 as the COVID-19 pandemic was emerging in the United States. </p>

<p>PJP was created in order to “pre-design an archive” of COVID-19 narratives and experiences open to anyone around the world. The project is rooted in a commitment to democratizing knowledge production, in the spirit of “archival activism” and using methods of “grassroots collaborative ethnography” (Willen et al. 2022; Wurtz et al. 2022; Zhang et al 2020; see also Carney 2021). The motto on the PJP website  encapsulates these commitments: “Usually, history is written only by the powerful. When the history of COVID-19 is written, let’s make sure that doesn’t happen.” (A version of this Project Summary with links to the PJP website and other relevant sites is included in the public documentation of the project at QDR.)</p>

<p> In PJP’s first phase (PJP-1), the project provided a digital space where participants could create weekly journals of their COVID-19 experiences using a smartphone or computer. The platform was designed to be accessible to as wide a range of potential participants as possible. Anyone aged 15 or older, living anywhere in the world, could create journal entries using their choice of text, images, and/or audio recordings. The interface was accessible in English and Spanish, but participants could submit text and audio in any language. PJP-1 ran on a weekly basis from May 2020 to May 2022. </p>","English; Spanish, Castilian",doi:10.5064/F6PXS9ZK,2024-03-25T15:20:55Z,2026-04-16 18:48:50,qdr,doi_10_5064_f6pxs9zk,,API
11,qdpx,1,https://qdr.syr.edu/,doi:10.5064/F6HYTYIJ,,Data for: Socializing Policy Feedback: The Persistent Effects of Adolescent Policy Program Use on Political Behaviors and Attitudes in Adulthood,"<h3>Project Overview</h3>
<p>Adolescence is a critical period for political development. Different political attitudes, political behaviors, and political interests tend to develop during adolescence and persist into adulthood. Welfare participation is associated with lower political participation and pessimistic views of politics among adults, yet we have not uncovered the extent to which welfare participation in adolescence affects political outcomes in adulthood. This project aims to address the disconnect in the literature between what we know about the effects of welfare program experiences and what we know about individual political development.</p>",,doi:10.5064/F6HYTYIJ,2025-04-30T12:39:59Z,2026-04-16 18:49:27,qdr,doi_10_5064_f6hytyij,,API
12,nvivo,1,https://qdr.syr.edu/,doi:10.5064/F6ZP448B,,High Performance School-age Athletes at Australian Schools: A Study of Conflicting Demands,"<b>Project Summary:</b> The purpose of the original substantive study was to enhance understandings of the way that high-performance school-age athletes deal with their situations and predicaments. This study explored the competing demands on young people who are both high performance athletes yet are still at school.
<p></p>
The research question thus focused on two aspects: first, how these young people cope with their dual lives, and second, what are the models of schooling that may best support them in their endeavours. Using 39 in-depth interviews and document analysis the researcher sought to give primacy to these young peoples’ views and to develop the notion of their so-called “conflicting demands” concerning combining study and sport commitments. The project was completed in the form of a doctoral dissertation in the field of Education.</p>

<p>The participants included 19 athletes (former and current), 10 parents and 10 teachers. Participants were selected from across Australia, according to school types and the level of high performance sport. For this study it was at the National, World and Olympic level of competition.</p>

<p>The original set of interviews was later re-purposed for a separate, pedagogical project. Namely, the researcher adapted several of the analytical steps she used as part of her dissertation work in the qualitative data analysis tools NVivo ™ to produce training materials outlining a helpful approach to using the software for analysis in four distinct stages: descriptive, topical, analytic and the drawing of conclusions. Additionally, from the actual research items such as journals, social media, newspapers, blogs that the researcher used in developing her literature review thematic analysis , a teaching Endnote file has also been developed that contains 21 items. Both substantive outputs based on the initial data collection, and subsequent training materials – especially in the ebook called The NVivo Toolkit – are listed as “Related Publications” and Endnote sample for this deposit. This has now been further developed into a website, ebook, Youtube channel and publication that outlines a N7+1 pedagogical digital learning framework for literature and systematic reviews that is now being taught using a ‘flipped classroom’ approach.</p>

<p>Unlike the traditional singular-problem approach in related literature, the approach in this study was to integrate the problems that a school-age high performance athlete may encounter when combing dual endeavours of sport and study. Time may be the over-riding problem for these athletes because so many of their demands impact on the limited number of hours in a day, but fatigue, both physical and psychological, resulting from training and competition demands may temper an athlete’s motivation to engage in a high level of academic undertaking as well.</p>

<p>Additionally, intense psychological and physical demands were associated with drug and alcohol abuse leading to depression and anxiety. Female athletes indicated being bullied, but not one of the male participants mentioned this issue. Additionally, the question of ‘Are you being bullied?’ was never asked, only the female athletes spoke of this problematic issue. The parents’ perspectives suggested home issues of sibling rivalry, disruption and separation of family life. Teachers’ perspectives centered on empathy for such students and the concern of guiding them into education that would provide short- and long-term benefits, e.g. career transitions after sport.</p>

<p>The outcome of the study was to develop characteristics of schooling that may help these individuals to cope better in their demanding lives. An ‘athlete-friendly’ approach is proposed that has its primary focus in developmental pastoral care. This approach embellishes the notion of the child being able to flourish with this pastoral element of the school, with personalised learning to meet the individual needs of the student athletes. Young people attempting to combine dual endeavours of sport and study need resilience and this can be provided to them by their pillars of strengths – parents, teachers and coaches.</p>
<p></p>
<b>Data Abstract:</b> All interviews were originally audio-recorded and then transcribed verbatim. A Livescribe pen was used to record and then converted to .mp4 for transcription in NVivo™. Observations were noted about each participant only during the interview. For the purposes of sharing the underlying data, all transcripts have been anonymized using pseudonyms, used throughout the text and as part of the files naming convention. Additionally, a letter code preceding the pseudonym in the file titles stands for A (athlete), P (parent), T (teacher). In the few cases where an interviewee had two or three of these designations, the primary category was selected (ex: a parent who was also a former athlete was labeled ""P"", while a teacher who happened to also be a parent of one of the students, was labeled as ""T""). Pattern codes which were converted from excel sheets are included to demonstrate the thematic pattern coding for the group known as athletes.</p>

<p>Additionally, there are two examples of individual word queries in NVivo, including the word tags “bullying”, as well as “tired and sore”. As individual word queries, these depict pieces of conversational analysis. A document depicting word frequency query is also present, as an example of cluster analysis outputs that can be created in NVivo, which serves to visualize a number of themes across all interviews. Finally, there is an example of a manually abstracted transcript, as an image. This document provides an example of how to interrogate data prior to their input in NVivo software. The hand-written notes on the left list concerns about tensions and feelings. The notes on the right indicate broad initial themes that the researcher identified. With that, this process reflects a first step in providing greater transparency to the study prior to the second step of aggregating and entering it into the software.</p>",English,doi:10.5064/F6ZP448B,2023-06-28T21:15:03Z,2026-04-16 18:49:46,qdr,doi_10_5064_f6zp448b,,API
13,nvivo,1,https://qdr.syr.edu/,doi:10.5064/F6XAGL0F,,Data for: Body-Worn Sensors for Parkinson's Disease: A Qualitative Approach with Patients and Healthcare Professionals,"<h3> Project Summary: </h3>

<p> Body-Worn Sensors (BWS) provide reliable objective and continuous assessment of
Parkinson's disease (PD) motor symptoms, but their implementation in clinical routine
has not yet become widespread. Users’ perceptions of BWS have not been explored.
This study intended to evaluate the usability, user experience (UX), patients’
perceptions of BWS, and health professionals’ (HP) opinions on BWS monitoring. </p>

<p> During interviews, all patients and health professionals expressed interest in Body-Worn Sensor monitoring. Patients’ hopes and expectations increased the more they learned about BWS. They manifested enthusiasm to wear BWS, which they imagined could improve their Parkinson’s disease symptoms. Health professionals highlighted needs for logistical support in the implementation of BWS in their practice. Both patients and health professionals suggested possible uses of BWS monitoring in clinical practice, for treatment adjustments for example, or for research purposes. Patients and health professionals shared ideas about the use of BWS monitoring, although patients may be more likely to integrate BWS into their disease follow-up compared to health professionals in their practice. This study highlights gaps that need to be fulfilled to facilitate BWS adoption and promote their potential. </p>


<h3> Data Overview: </h3>

<p> Data of this project correspond to a qualitative study performed with patients with Parkinson's disease and healthcare professionals about their perception of body-worn sensors. The documents provided are related to interviews conducted with the participants. Participants were recruited to take part in the study voluntarily. Interviews were conducted with 22 patients and 9 health professionals. Patients completed two interviews before and after
the BWS one-week experiment, and they answered two questionnaires assessing the
usability and UX. Patients rated the three BWS usability with high scores (SUS median
[range]: 87.5 [72.5 - 100]). The user experience across all dimensions of their interaction with the BWS was positive. </p>

<h3> Data Analysis: </h3> 

<p> A qualitative analysis was performed from semi-structured interviews conducted with 22
patients and 9 health professional experts in Parkinson’s disease. A sheet document details the number of interviews and number of references that were assigned to a theme (in French) that came up during the interview with the participant. Quotations related to those themes from patients and healthcare professionals interviews are organized in the dedicated zip files. </p>

<h3> Data Organization:</h3>
<p> A summary data document (Virbel-Fleischman_Nodes.xlsx) details the number of interviews and number of references that were assigned to a theme (in French) that came up during the interview with the participant. Quotations related to those themes from patients and healthcare professionals interviews are organized in the rest of the data files. These two categories, patients and healthcare professionals, have their own separate zip files containing the relevant NVivo-generated text snippets.

The NVivo documents are quotations (in French) related to all nodes highlighted by the interviews with patients and healthcare professionals. Filenames are structured according to the tree structure of the nodes, which is available in the file ""Virbel-Fleischman_Nodes.xlsx"". 

The NVivo HTML files shared here as collections in ZIP files have their extra assets embedded internally. In each zip file, (Patients.zip, Professionnels_de_sante.zip), the top level html files (without a suffix, e.g. Virbel-Fleischman_Dispositif_Attentes.html, NOT  Virbel-Fleischman_Dispositif_Attentes_1.html) are the files that are named as the substantive nodes.<p> 

<h3> Data Contributors:</h3>
<p>Data collection was performed by Dr. Clara Virbel-Fleischman and Dr. David Grabli. </p>
<p>Data processing was performed by Dr. Clara Virbel-Fleischman, Dr. Yann Rétory, and Camille Huiban. </p>
<p> Data Analysis was performed by Dr. Clara Virbel-Fleischman, Dr. Yann Rétory, and Dr. David Grabli. </p>",French,doi:10.5064/F6XAGL0F,2022-02-14T14:09:06Z,2026-04-16 18:50:10,qdr,doi_10_5064_f6xagl0f,,API
14,maxqda,1,https://qdr.syr.edu/,doi:10.5064/F6N2GOC9,,Data for: “I could not bear it”: Perceptions of Chronic Pain among Somali Pastoralists in Ethiopia. A Qualitative Study,"<h3> Project Overview</h3> 
<p>Pain is a major public health problem in the Global South, particularly among marginalized communities, such as Somali pastoralists. Yet, the topic of chronic pain has not yet been comprehensively studied in Sub-Saharan Africa, specifically in the Somali region of Ethiopia, formally known as Somali Regional State (SRS). Therefore, this study aims to explore the perceptions and notions of chronic pain among Somali pastoralists in this context.</p>",English,doi:10.5064/F6N2GOC9,2023-03-20T10:06:29Z,2026-04-16 18:50:17,qdr,doi_10_5064_f6n2goc9,,API
15,sea,1,https://qdr.syr.edu/,doi:10.5064/F6SGXPOS,,Data for: “Ninguém me chama” - “Nobody asked me”: Gendered Patterns of Participation in Sea Turtle Conservation in Northeast Brazil,"<b>This is an <a href=""https://qdr.syr.edu/ati"">Annotation for Transparent Inquiry (ATI)</a> data project. </b> <h3>The annotated article can be viewed on the <a href=""https://link.springer.com/article/10.1007/s10745-017-9914-5#annotations:group:2Nopp9mx"" >publisher's website</a>. <h3/>

<em>You will need to use the Chrome browser with the <a href=""https://chrome.google.com/webstore/detail/hypothesis-web-pdf-annota/bjfhmglciegochdpefhhlphglcehbmek"" target=""_blank"">Hypothesis extension</a> installed to view the ATI annotations</em>

</br>
</br><h3>Data Overview</h3>
<p>This manuscript employs a mixed methods approach to identifying gendered characteristics related to access, attitudes and agency to explain gendered patterns of participation in conservation at the community level. The data presented in this manuscript was part of a larger study conducted over a nine month period in four small coastal communities on the northeastern coast of Bahia, Brazil. </p>

<h3>Data Generation</h3>
<p>Household questionnaires and focus groups were the primary methods of data generation for this study. Determining a sampling frame and procedures for the questionnaires involved creating hand drawn maps for each community, physically counting all existing houses, and comparing this information with the number of households registered with the local health clinic. The number of vacation homes in the area complicated initial attempts to randomly sample houses by neighborhood in the larger communities, with the decision being made to approach all homes in the smaller communities. Time and transportation were also a constraint as the roads to some of these communities were not paved and often full of large potholes. No public transportation was available to three of the four communities (the author lived in the largest of the four communities – Sítio do Conde).</p>

<p>Focus groups were conducted only with members of one community, the largest of the four included in this study. The original plan to host 2-3 focus groups in each community did not seem necessary or even feasible after data collection using the questionnaires. The intention of the focus groups was to meet with groups of community members already working together (as part of the church, fishers association, etc.), instead of creating groups of people that may or may not already know each other well or have had a shared experience. Because of the lack of functioning community groups in the other communities (mainly owing to their size and the centralized nature of groups to Sítio do Conde and Conde, the municipal center), it would have been difficult to gather enough people that belonged to the same community organization for a focus group. Due to time and transportation constraints, I began with the community groups in Sítio do Conde and re-evaluated the need for additional focus groups in the other communities later. Also, the sea turtle conservation project is physically located in Sítio do Conde and community members in this area have more direct contact with them. Alternatively, it would have been interesting to conduct focus groups in the other communities for comparison of perceptions and experiences by community as well as gender. Because the household questionnaires were conducted in all four communities I was confident that I had captured some of this already and saw little difference during preliminary data analysis. </p>

<p>The focus groups were also segregated by gender, partially by design and partially as a result of working with existing community groups, which are already fairly segregated. The fishers association was supposed to have two focus groups, one for men and one for women, however both men and women showed up to the first focus group. Only two women attended this focus group among 12 men, and only one of them spoke. I decided to separate out her comments for analysis. Another focus group of just women fishers was not conducted due to lack of support by the fishers association and a concern on my part of over taxing the same women that already attended a focus group and participated in other aspects of the larger study. </p>

<h3>Data Analysis</h3>
<p>I will focus my discussion on the focus groups here, with only a little treatment of the household questionnaires as more sophisticated statistical analysis was conducted using that data and published in another manuscript. Only descriptive statistics were used in this manuscript to provide a broader overview of the communities highlighting gendered patterns of participation and show the basis for further exploration through the use of focus groups. </p>

<p>The focus group dialogues were digitally recorded with the coding being done to the audio file rather than being transcribed and coding the text. This decision was made primarily because of the time and cost constraints involved in transcribing multiple speakers in Portuguese. Coding the audio file also allowed for segments of the conversation to be coded, capturing more of the exchange between speakers, rather than simply the individual quotes. This coding procedure also highlighted how much time was spent discussing a theme or sub-category within a theme. A number of factors were considered in determining what aspects were most relevant, including the number of times a code appeared in a focus group, overlap of codes between themes, the amount of time or length of comments related to the topic, as well as the number of groups mentioning these issues. However, this was not a purely quantitative assessment of frequency or absence/presence, with greater emphasis on what and how people were discussing an issue in addition. The quantitative aspects of the codes were left out of this manuscript because I feel it detracts from the overall findings, especially with a small sample size for the focus groups. In a small community with participation focused in a small number of groups This was appropriate. Furthermore, the alignment of the focus group findings with the questionnaire reinforce my conclusion that they are representative of the larger community.</p>

<h3>Logic of Annotation</h3>
<p>I chose to focus my annotations on providing analytic notes and source excerpts to offer additional context and interpretation, while also illustrating links between data, analysis, and conclusions. Because this manuscript was part of a larger project there was data collected previously that informed the instruments used in this study, as well as the conclusions that were made. The intent of the annotations was to make this more transparent and help paint a more complete picture. My decision to link (or not) to original sources was primarily based on ethical constraints related to the protection of human subjects. As a result, I did not link directly to any audio recordings from the focus groups, but did provide extended source excerpts and translations. Furthermore, I only included photographs that I had taken myself, and ones that did not include research participants. </p>",English; Portuguese,doi:10.5064/F6SGXPOS,2023-08-14T15:28:09Z,2026-04-16 18:50:28,qdr,doi_10_5064_f6sgxpos,,API
16,sea,1,https://qdr.syr.edu/,doi:10.5064/F6NSP4U5,,Pilot Testing a Virtual Reality Protocol for Improving Pain and Pain-Related Distress in Patients with Advanced Stage Colorectal Cancer,"<h3>Project Summary</h3>
<p>This study was done to test the feasibility, acceptability, safety, and impact of exposing patients to a single 30-minute virtual reality underwater/sea environment (called VR Blue) for reducing pain and pain-related symptoms in patients with advanced stage colorectal cancer. VR Blue is an immersive computer-generated environment featuring calming scenic graphics and relaxing nature music, which has been shown to increase tolerance for thermal pain stimuli in healthy participants in prior research. All participants were patients with stage IV colorectal cancer. The purpose of this VR Blue intervention was to reduce pain and pain-related symptoms such as tension and distress, and enhance patients’ abilities to cope with pain. We also wanted to better understand patients’ experiences, preferences, thoughts, and feelings about the virtual reality experience to optimize VR Blue for future study.</p>

<h3>Selection and Organization of Shared Data</h3>
<p>The data shared here are the de-identified transcripts of the qualitative exit interviews only. 
Documentation includes the informed consent script and a study summary document, which describes in greater detail the project’s objectives, participant demographics, methodology, measures, data elements, key abbreviations, subject flow, and study calendar.</p>",English,doi:10.5064/F6NSP4U5,2022-07-15T14:59:04Z,2026-04-16 18:50:37,qdr,doi_10_5064_f6nsp4u5,,API
17,qualitative,2,https://www.cessda.eu/Tools/Data-Catalogue,https://doi.org/10.11587/VI5XKS,,MiCREATE - Migrant Children and Communities in a Transforming Europe. Interviews with Teachers at Viennese Schools (SUF edition),"Full edition for scientific use. The data was collected as part of the H2020 project ""MiCREATE - Migrant Children and Communities in a Transforming Europe"". It consists of transcripts of qualitative interviews and focus groups with school staff in selected Viennese schools. The aim of the research was to gain insights into integration measures in the Austrian school and education system and to provide policy recommendations for the local, national and EU level from a child-centered perspective, as well as to develop tools for schools to facilitate intercultural learning.",en,doi:10.11587/VI5XKS,2023-02-15,2026-04-16 18:51:06,cessda,micreate_migrant_children_and_communities_in_a_transforming_europe__interviews_w,,OAI-PMH+HTML
18,qualitative,2,https://www.cessda.eu/Tools/Data-Catalogue,https://doi.org/10.11587/MWSGOS,,Qualitative Longitudinal Research (QLR) on integration after Amenity Migration in two Alpine case study regions in Western Austria between 2015 and 2021 (OA edition),"Full edition for public use. The dataset provides insights into the integration process after a permanent or temporary lifestyle-related relocation to remote Alpine regions of Austria. It highlights factors which are decisive for staying or relocating again, and how staying affects space and society. This Qualitative Longitudinal Research (QLR) is based on a cross-sectional study from 2015/2016, which was extended to a catch-up study in 2020/2021. The analysis of a total of 53 semi-structured as well as problem-centred interviews with communal experts and newcomers in the Vorarlberg Montafon and Tiroler Gailtal was supported by the Grounded Theory. The dataset primarily contains a code table with a total of 272 codes and subcodes on migration triggers and the integration process of newcomers, but due to research ethics do not include related interview transcripts or direct quotes. Additional information is also added to the data set to provide a better understanding of the results and data: i.e. illustrations, interview guidelines, the current data management plan, an informed consent form and the metadata of interviews and illustrations.",en,doi:10.11587/MWSGOS,2021-10-08,2026-04-16 18:51:08,cessda,qualitative_longitudinal_research__qlr__on_integration_after_amenity_migration_i,,OAI-PMH+HTML
19,qualitative,2,https://www.cessda.eu/Tools/Data-Catalogue,https://doi.org/10.11587/MUXTOK,,Qualified Personnel Monitoring 2009: Company Survey 2009,"In the Interreg III A project LAMO I and LAMO II, the Paul Lazarsfeld Society, together with other experts, developed a set of monitoring instruments that provided data on changes in the labour market - with particular regard to the potential of cross-border commuters and migrant workers. These data were intended to serve as a information basis and argumentation for political decision-makers and for the economy. The project ""Fachkräftemonitoring"" (FAMO) represents a further development and focuses in particular on the topic of skilled labour demand in Vienna and in western Slovakia (Bratislava, Trnava). The aim of FAMO, in addition to a comprehensive presentation of the economic development in the Austrian-Slovak CENTROPE region, is to obtain information on the demand for personnel (especially skilled workers) in the research region, on the basis of a large company survey and to sound out the prevailing working conditions. The FAMO company survey also interrogates realised or intended internationalization steps and cooperation between Austrian companies and companies in Western Slovakia. In addition, a survey of the employable population analysed the willingness of people to work abroad and their qualifications. Prospect Unternehmensberatung conducted qualitative interviews with company representatives in order to gain a deeper insight into the demand for skilled workers in selected industry segments. Furthermore, experts from the following areas were interviewed: regional actors from the labour market and economy as well as local decision-makers in the study regions (public federal and regional administration, labour market service, chamber of commerce, trade unions, chambers of labour, industrialists association) as well as regional managers, scientists and mayors of municipalities/cities close to the border: Sociodemographic questions, qualifications and knowledge, professional situation, wage expectations, professional and spatial mobility, experience with working abroad, experience with internal commuting, willingness and motivation to work or emigrate abroad. New questions in FAMO: Attitude towards tax evasion and undeclared work (irregular sector).",en,doi:10.11587/MUXTOK,2020-06-24,2026-04-16 18:51:10,cessda,qualified_personnel_monitoring_2009__company_survey_2009,,OAI-PMH+HTML
20,qualitative,2,https://www.cessda.eu/Tools/Data-Catalogue,https://doi.org/10.11587/LCWVFD,,"New Entrance to Mountain Farming in the Eastern Alps: Actors and their Routes into Agriculture, Motivation, Opportunities and Challenges (SUF edition)","Full edition for scientific use. The aim of this dataset is to outline the results of a mixed-methods research on new entrants to mountain farming conducted in the case study regions Vorarlberg, Tyrol and South Tyrol (Eastern Alps). In a first survey stage, new entrants were identified and their routes into mountain farming as well as the resulting social and spatial impacts were recorded using semi-structured interviews. In the light of a multi-level perspective (MLP), further interviews with experts in local policy, regional planning and agriculture (on local, regional and federal level) provided detailed insights on the challenges and opportunities of new entrants. In a second stage, statistical data on agricultural training (adult education; ger: landwirtschaftliche Fachausbildung) at the agricultural colleges of the study regions and beyond were collected and merged. Both the 32 expert interviews and the 24 interviews with new entrants were recorded, transcribed and analyzed according to the Grounded Theory. Resulting qualitative data is available as interview transcripts and as a codebook. For reasons of research ethics, the data set contains only carefully selected transcripts of expert interviews. In addition to the qualitative and quantitative data outlined above, further information is provided to better understand the findings and data. This includes an anonymization guideline, both interview guidelines, the consent form, hard facts and metadata of all interviews, the current data management plan as well as figures.",en,doi:10.11587/LCWVFD,2022-04-05,2026-04-16 18:51:12,cessda,new_entrance_to_mountain_farming_in_the_eastern_alps__actors_and_their_routes_in,,OAI-PMH+HTML
21,qualitative,2,https://www.cessda.eu/Tools/Data-Catalogue,https://doi.org/10.11587/E4BUQA,,Standardization and Validation of a Value Retention Test 2003,"The newly developed ""Österreichische Wertefrageben"" (ÖWF; Austrian Value Questionnaire), which consists of five scales (intellectuality, harmony, religiosity, materialism and conservatism) and 13 subscales, was tested for its statistical properties. The aim was to test whether the questionnaire actually covered what it was intended to measure (""validity""); to determine the measurement accuracy (""reliability""); and to determine to what extent certain value groups were supported or rejected by different parts of the population (""standardization""). Four steps were used to determine validity: (1) A survey institute specified the ÖWF N = 421 approximately representatively selected persons throughout Austria together with an established value questionnaire and scales for measuring religious, political and health-related attitudes. The hypotheses about the connections in this respect were largely confirmed; (2) the majority of the hypotheses about typical value orientations of special population groups (N = 30 priests and nuns each, people doing community service, students of psychology and economics, prisoners, car drivers who had been under the influence of alcohol) were also confirmed; (3) the expectation that religious people would better cope with traumatic experiences was not confirmed; (4) qualitative, semi-structured interviews provided additional information on the value orientations of individual members of these groups. Overall, encouraging results were achieved with regard to the validity of the ÖWF. Reliability was tested by the Austrian Monetary Fund (ÖWF) by specifying identical groups of N = 142 persons three times. The latent state-trait analysis showed satisfying reliability for the ÖWF. It also showed that the evaluations of religiousness and conservatism remain stable over longer periods of time, while the evaluations of the other dimensions are subject to clear situational influences. Standardization showed that harmony, materialism and intellectuality were generally rated higher than religiousness and conservatism. Young people were more in favour of materialism than older people; the opposite was true for religiosity. Voters of the various parliamentary parties differed significantly in the value dimensions they advocated.",en,doi:10.11587/E4BUQA,2020-06-24,2026-04-16 18:51:14,cessda,standardization_and_validation_of_a_value_retention_test_2003,,OAI-PMH+HTML
22,qualitative research,2,https://www.cessda.eu/Tools/Data-Catalogue,https://doi.org/10.17903/FK2/LW4XVJ,,The Internet in Greece 2022,"The <a href=""https://www.ekke.gr/en/"" target=""_blank"">National Centre for Social Research (EKKE)</a> places rapid socio-technological developments at the epicenter of scientific analysis, with the aim of boosting evidence-based digital policy-making and responding to the need for reliable, comparative and forward-looking knowledge about internet use in Greece. Therefore, since 2015, it has taken the initiative to conduct large-scale research with the main field of study recording the penetration and multiple effects of the internet and its infrastructure in Greek society. Specifically, the World Internet Project Greece (WIP-GR) empirical sample survey is implemented by EKKE and is part of the <a href=""https://www.worldinternetproject.com"" target=""_blank"">World Internet Project (WIP)</a>, an international partnership of universities and research centers consisting of more than 30 countries on different continents. It is an international research project that started in 1999 and is led by the <a href=""https://www.digitalcenter.org"" target=""_blank"">Annenberg School Center for the Digital Future</a> of the <a href=""https://www.usc.edu"" target=""_blank"">University of Southern California</a> (USA), under <a href=""https://www.digitalcenter.org/jeffrey-cole-director/"" target=""_blank"">Professor Jeffrey Cole</a>. This report presents the contents of the most recent wave of the World Internet Project Greece (Autumn - Winter 2022), concerning the highlighting of critical issues of the ""Greek internet"", such as the digital divide, the uses and informational/entertainment value of the internet, the social media and AI algorithms, the future of privacy and the future of work, as well as the degree of trustworthiness, freedom of expression, political sufficiency, victimization and breach of privacy. The report aspires to a scientifically verifiable, multidimensional and forward-looking view of aspects of our country's complex digital transformation process, resulting in concrete proactive digital policy recommendations.",en,doi:10.17903/FK2/LW4XVJ,2023-03-25,2026-04-16 18:51:16,cessda,the_internet_in_greece_2022,,OAI-PMH+HTML
23,qualitative research,2,https://www.cessda.eu/Tools/Data-Catalogue,https://doi.org/10.11587/ZVXGS9,,REMINDER: Online Experiment on Migration and Mobility Attitudes 2019 (SUF edition),Full edition for scientific use. The survey experiment is part of a broader research on European Union citizens’ attitudes towards immigration and free movement. The main objective of the survey experiment is to test how key aspects of journalistic communication strategies affect  public opinion on free movement in seven European countries.,en,doi:10.11587/ZVXGS9,2020-08-21,2026-04-16 18:51:22,cessda,reminder__online_experiment_on_migration_and_mobility_attitudes_2019__suf_editio,,OAI-PMH+HTML
24,qualitative research,2,https://www.cessda.eu/Tools/Data-Catalogue,https://doi.org/10.11587/Z1Z34H,,Replication Data for: Is satisficing responsible for response order effects in rating scale questions?,"Rating scales are used extensively in surveys. A rating scale can descend from the highest to the lowest point or from the positive to the negative pole. A rating scale can also start with the lowest point (or the negative pole) and ascend to the highest point (or the positive pole). Previous research has shown that the direction of the scale, i.e., the order of the response options, has an impact on responses, and that respondents are more likely to select response options close to the starting point of the scale, regardless of whether the scale starts with the lowest or the highest point. This paper advances the literature by examining empirically whether or not the response order effect in rating scale questions is driven by satisficing. Drawing on data from an experiment on five multi-item grids, we found that scale direction had a significant and extreme impact on response distributions. Although the effect of scale direction was stronger among speeders than non-speeders, the effect was observed across the board among those who were at a high risk of satisficing and those who were not.",en,doi:10.11587/Z1Z34H,2018-12-12,2026-04-16 18:51:24,cessda,replication_data_for__is_satisficing_responsible_for_response_order_effects_in_r,,OAI-PMH+HTML
25,qualitative research,2,https://www.cessda.eu/Tools/Data-Catalogue,https://doi.org/10.11587/YRJZC8,,Effects of news coverage on a victim's character during a crisis (SUF edition),"Full edition for scientific use. The research addresses the question how reporting of irrelevant information on a crisis victim’s bad character impacts on empathy towards the victim, the victim’s reputation as well as the reputation of the news medium that published the information. This was analyzed by means of a one-factorial experiment with manipulating the reporting on the crisis victim’s character plus a control condition. Respondents (registered members of an online panel) were 245 consumers from the United Kingdom.",en,doi:10.11587/YRJZC8,2022-12-22,2026-04-16 18:51:25,cessda,effects_of_news_coverage_on_a_victim_s_character_during_a_crisis__suf_edition,,OAI-PMH+HTML
26,qualitative research,2,https://www.cessda.eu/Tools/Data-Catalogue,https://doi.org/10.11587/YMKDPI,,European Social Survey 2008-Austria,"The political institutions of the European Community and of single nations are facing new challenges and changes in the 21st century. The European Social Survey poses the question of how this change is reflected in the thinking and behaviour of the various population groups within Europe. The Austrian sub-study also explores this question. What personal ideas do Austrians have about democracy and society in their country and in the European Union? The project idea of the ESS was developed by the European Science Foundation (ESF) and the European Social Survey includes population surveys in all participating countries. A uniform questionnaire on various problems of political and social coexistence (social and political trust, governance, morality, media, social and political values and attitudes, well-being, national identity) is used, which is supplemented by country-specific questions as well as changing focus topics. The country studies are conducted with the highest possible methodological standards of empirical survey research (translation, sampling, reliability and validity control by the Scientific Monitoring Committee). The ESS is designed as a time series; the surveys are to take place every two years. The first survey wave took place in 2002/2003 and focused on migration, citizenship and social participation. The second survey wave was in 2004/2005, the main focus of the ESS 2 was on health, economic morality, family and work. The third wave of the ESS took place in 2006/2007 with the topics life biography, well-being, satisfaction. The fourth wave of the ESS was in 2008/2009, the thematic focuses were welfare state, social policy, age discrimination. The main long-term objective of the European Social Survey (ESS) is to describe and explain the interaction between the changing political and economic institutions and the attitudes, beliefs and behaviour patterns of the populations of the respective countries. The additional Austrian questions include the areas of health, social status and housing conditions (questions H37 - H65, page 49 - 51 of the questionnaire).",en,doi:10.11587/YMKDPI,2020-06-24,2026-04-16 18:51:27,cessda,european_social_survey_2008_austria,,OAI-PMH+HTML
27,qualitative data,2,https://www.cessda.eu/Tools/Data-Catalogue,https://doi.org/10.17903/FK2/DDAYF5,,Στάσεις και αντιλήψεις  για την αξιοπιστία της δημόσιας πληροφόρησης στην Ελλάδα - Check4Facts,"Το παρόν έργο ανταποκρίνεται στην ανάγκη να υπάρξει επιστημονική γνώση και διάλογος για τον έλεγχο της αξιοπιστίας του δημόσιου λόγου στην Ελλάδα. Πιο συγκεκριμένα, η ιστοσελίδα check4facts Science εστιάζει σε τέσσερις ιδιαίτερα σημαντικές θεματικές ενότητες του δημόσιου λόγου: το ζήτημα της υγείας, το ζητημα της κλιματικής αλλαγής, το προσφυγικό/μεταναστευτικό ζήτημα, και την εγκληματικότητα. Οι τέσσερις αυτές θεματικές συχνά συνδέονται και χαρακτηρίζονται από αξιοσημείωτη και διαρκή παρουσία στη δημόσια σφαίρα.",el,doi:10.17903/FK2/DDAYF5,2023-07-31,2026-04-16 18:51:30,cessda,στάσεις_και_αντιλήψεις_για_την_αξιοπιστία_της_δημόσιας_πληροφόρησης_στην_ελλάδα_,,OAI-PMH+HTML
28,qualitative data,2,https://www.cessda.eu/Tools/Data-Catalogue,https://doi.org/10.17903/FK2/0B2LM0,,Το Διαδίκτυο στην Ελλάδα 2022,"Το <a href=""https://www.ekke.gr"" target=""_blank"">Εθνικό Κέντρο Κοινωνικών Ερευνών (EKKE)</a> τοποθετεί στο επίκεντρο της επιστημονικής ανάλυσης τις ραγδαίες κοινωνιοτεχνολογικές εξελίξεις, με στόχο να προσδώσει ώθηση στη χάραξη ψηφιακών πολιτικών βάσει τεκμηρίων και να ανταποκριθεί στην ανάγκη για αξιόπιστη, συγκριτική και μελλοντοστραφή γνώση σχετικά με τη χρήση του διαδικτύου στην Ελλάδα. Ως εκ τούτου, έχει αναλάβει από το 2015 την πρωτοβουλία να διεξαγάγει μεγάλης κλίμακας έρευνα με κύριο πεδίο μελέτης την καταγραφή της διείσδυσης και των πολλαπλών επιδράσεων του διαδικτύου και υποδομών του στην ελληνική κοινωνία. Συγκεκριμένα, η εμπειρική δειγματοληπτική έρευνα World Internet Project Greece (WIP-GR) υλοποιείται από το EKKE και εντάσσεται στη σύμπραξη <a href=""https://www.worldinternetproject.com"" target=""_blank"">World Internet Project (WIP)</a>, μια διεθνή σύμπραξη πανεπιστημίων και ερευνητικών κέντρων που αποτελείται από περισσότερες από 30 χώρες διαφορετικών ηπείρων. Πρόκειται για ένα διεθνές ερευνητικό πρόγραμμα που ξεκίνησε το 1999 και διευθύνεται από το <a href=""https://www.digitalcenter.org"" target=""_blank"">Annenberg School Center for the Digital Future</a> του <a href=""https://www.usc.edu"" target=""_blank"">Πανεπιστημίου της Νότιας Καλιφόρνιας</a> (ΗΠΑ), υπό τον <a href=""https://www.digitalcenter.org/jeffrey-cole-director/"" target=""_blank"">Καθηγητή Jeffrey Cole</a>. Στην έκθεση αυτή παρουσιάζονται τα περιεχόμενα του τελευταίου κύματος του World Internet Project Greece (Φθινόπωρο - Χειμώνας 2022), που αφορούν στην ανάδειξη κρίσιμων ζητημάτων του «ελληνικού διαδικτύου», όπως το ψηφιακό χάσμα, οι χρήσεις και η πληροφοριακή/ψυχαγωγική αξία του διαδικτύου, τα μέσα κοινωνικής δικτύωσης και οι αλγόριθμοι της Τεχνητής Νοημοσύνης, το μέλλον της ιδιωτικότητας και το μέλλον της εργασίας, καθώς και ο βαθμός αξιοπιστίας, ελευθερίας της έκφρασης, πολιτικής επάρκειας, θυματοποίησης και παραβίασης της ιδιωτικότητας. Η έκθεση φιλοδοξεί σε μια επιστημονικά ελέγξιμη, σύνθετη και μελλοντοεστιασμένη θεώρηση όψεων της πολύπλοκης διαδικασίας ψηφιακού μετασχηματισμού της χώρας μας, καταλήγοντας σε συγκεκριμένες συστάσεις προορατικής ψηφιακής πολιτικής.",el,doi:10.17903/FK2/0B2LM0,2023-03-25,2026-04-16 18:51:40,cessda,το_διαδίκτυο_στην_ελλάδα_2022,,OAI-PMH+HTML
29,qualitative data,2,https://www.cessda.eu/Tools/Data-Catalogue,https://doi.org/10.11587/ZZEMWH,,"Mikrocensus 1985, 2. quarter: Short Holiday Trips","The Mikrozensus special survey in June 1985 is on the topic of travel behaviour of the Austrian population, similar to previous ones (Mikrozensus MZ8104, Mikrozensus MZ8704). This survey puts emphasis on short holidays, business trips and stays at health resorts. The survey also complements the one conducted 6 months prior on main holidays an thereby provides a comprehensive overview over the travel behaviour.",en,doi:10.11587/ZZEMWH,2020-06-24,2026-04-16 18:51:49,cessda,mikrocensus_1985__2__quarter__short_holiday_trips,,OAI-PMH+HTML
30,qualitative data,2,https://www.cessda.eu/Tools/Data-Catalogue,https://doi.org/10.11587/ZYC3J8,,Parteipräferenzen und Österreichische Volkspartei (ÖVP) - Potential 2000 (2000-10-17 - 2000-11-15),Thema: Parteipräferenzen und ÖVP-Potential,en,doi:10.11587/ZYC3J8,2021-05-11,2026-04-16 18:51:51,cessda,parteipräferenzen_und_österreichische_volkspartei__övp__potential_2000__2000_10_,,OAI-PMH+HTML
31,interview,2,https://www.cessda.eu/Tools/Data-Catalogue,https://doi.org/10.11587/ZOOBKE,,Editing EU-SILC UDB Longitudinal Data for Differential Mortality Analyses. SAS code and documentation.,"This SAS code extracts data from EU-SILC User Database (UDB) longitudinal files and edits it such that a file is produced that can be further used for differential mortality analyses. Information from the original D, R, H and P files is merged per person and possibly pooled over several longitudinal data releases. Vital status information is extracted from target variables DB110 and RB110, and time at risk between the first interview and either death or censoring is estimated based on quarterly date information.  Apart from path specifications, the SAS code consists of several SAS macros. Two of them require parameter specification from the user. The other ones are just executed. The code was written in Base SAS, Version 9.4.  By default, the output file contains several variables which are necessary for differential mortality analyses, such as sex, age, country, year of first interview, and vital status information. In addition, the user may specify the analytical variables by which mortality risk should be compared later, for example educational level or occupational class. These analytical variables may be measured either at the first interview (the baseline) or at the last interview of a respondent. The output file is available in SAS format and by default also in csv format.",en,doi:10.11587/ZOOBKE,2019-02-19,2026-04-16 18:51:56,cessda,editing_eu_silc_udb_longitudinal_data_for_differential_mortality_analyses__sas_c,,OAI-PMH+HTML
32,interview,2,https://www.cessda.eu/Tools/Data-Catalogue,https://doi.org/10.11587/ZG1W34,,"Mikrocensus 1986, 2. quarter: Birth-Biography","This survey in not only on the current situation regarding children, marriage, family and employment but also and especially on the interviewees life up to now. The survey consists of 4 parts: - birth-biography: number and birth dates of all children born alive - occupational history: employment between the births and after the birth of the last child - marriage-biography: marriage date, divorce and re-marriage - desire to have children: for women under the age of 40: desire to have more children those already born The actuality of this subject is more pressing then ever: the declining birthrate has reached a historical minimum in the number of children per woman, the divorce rate is constantly increasing and the number of employed women has reached the highest level up to now. The question on the desire to have children is of special importance. To gather information on future birth rates, women under the age of 40 are asked if, and if yes, how many children they desire to have. These questions serve statistical purposes, as does the whole special survey, and are important for population forecasts and the connected calculation of requirements. The need for kindergartens, class rooms, apartments and workplaces has to be evaluated anew constantly as well as the financial burden for the contributors to the public pension scheme. There have been similar or identical questions on all 4 aforementioned topics in the years 1976 (Mikrozensus MZ7602) and/or 1981 (Mikrozensus MZ8102).",en,doi:10.11587/ZG1W34,2020-06-24,2026-04-16 18:51:57,cessda,mikrocensus_1986__2__quarter__birth_biography,,OAI-PMH+HTML
33,interview,2,https://www.cessda.eu/Tools/Data-Catalogue,https://doi.org/10.11587/YWFGJV,,"Mikrocensus 1977, 2. quarter: Residential Mobility","This Mikrozensus special survey with the title change of residence collects information on the following topics (there is no, or not enough data on these topics): -> a migration-biography of the last 20 years including the main reason for the change of residence for every interviewee; thereby, information on settlement structural trends is gained -> the course of education of each interviewee and the parents level of education; these questions gather information on the topics education and migration as well as on the school- and high school attendance of children in connection with their social background -> the current job location; thereby, connecting factors outside the place of residence for the migration-biography and a possibly intended change of residence can be evaluated",en,doi:10.11587/YWFGJV,2020-06-24,2026-04-16 18:52:00,cessda,mikrocensus_1977__2__quarter__residential_mobility,,OAI-PMH+HTML
34,interview,2,https://www.cessda.eu/Tools/Data-Catalogue,https://doi.org/10.11587/YU8VTK,,Microcensus Ad-Hoc-Module 'Labour market situation of migrants and their immediate descendants' 2008 (SUF edition),"Full edition for scientific use. In addition to the core variables of the Microcensus Labour Force Survey (LFS), the LFS also has so-called ad-hoc-modules (AHM) that can vary from year to year. The EU-LFS ad-hoc-module 2008 on ‘Labour market situation of migrants and their immediate descendants’ is divided into two submodules: background of the target population, obstacles to labour market participation. All persons aged between 18 and 64 years were interviewed in the initial survey of the Microcensus. The questions of the ad-hoc-module were asked following the questions of the basic programme. The dataset also includes all questions of the main survey of the Microcensus 2008.",en,doi:10.11587/YU8VTK,2022-11-21,2026-04-16 18:52:02,cessda,microcensus_ad_hoc_module__labour_market_situation_of_migrants_and_their_immedia,,OAI-PMH+HTML
35,interview,2,https://www.cessda.eu/Tools/Data-Catalogue,https://doi.org/10.11587/XNT056,,"Mikrocensus 1996, 3. quarter: Employment History","There have been two Mikrozensus surveys on the occupational history (in 1972, Mikrozensus MZ7203 and 1982, Mikrozensus MZ8202). This can be best achieved by recording all phases of the complete occupational history. One phase is defined as follows: A period over which the branch of industry, the job and the qualifications have remained the same. If one of these three factors has changed, a new phase has started. A temporary or lasting withdrawal from working life also counts as a new phase. The target group of this survey are all persons born between the years 1926 and 1981 (15- to 70-year-olds). This age-frame was chosen to not only interview employed persons (including self-employed persons and those helping in the family business) on their occupational history. Currently unemployed persons as well as all other non-working persons - who had worked once - were asked about their previous occupational history. Thereby retired persons were also included which is the only possibility to gain information on completed occupational histories.",en,doi:10.11587/XNT056,2020-06-24,2026-04-16 18:52:04,cessda,mikrocensus_1996__3__quarter__employment_history,,OAI-PMH+HTML
36,interview study,2,https://www.cessda.eu/Tools/Data-Catalogue,https://doi.org/10.11587/ZY7KSQ,,AUTNES Automatic Content Analysis of the Media Coverage 2019 (SUF edition),Full edition for scientific use. The dataset comprises data of AUTNES automatic content analysis of media coverage of the Austrian National Election held on 29 September 2019. This study is part of the Austrian National Election Study (AUTNES).,en,doi:10.11587/ZY7KSQ,2022-03-03,2026-04-16 18:52:08,cessda,autnes_automatic_content_analysis_of_the_media_coverage_2019__suf_edition,,OAI-PMH+HTML
37,interview study,2,https://www.cessda.eu/Tools/Data-Catalogue,https://doi.org/10.11587/ZVBLJD,,Positioning Study (Volume 2) 1998,Topic: Opinion of Austrians on political issues,en,doi:10.11587/ZVBLJD,2022-01-18,2026-04-16 18:52:10,cessda,positioning_study__volume_2__1998,,OAI-PMH+HTML
38,interview study,2,https://www.cessda.eu/Tools/Data-Catalogue,https://doi.org/10.11587/ZILGRT,,"Mikrocensus 1972, 4. quarter: Holiday Trips","In December 1972 a study on holiday trips of the Austrian population is conducted in the course of the Mikrozensus. This survey is limited (as was the previous Mirkrozensus survey 3 years prior MZ6904) to the main holidays (with a minimum number of 4 overnight stays outside the residential area). In September 1971 there was a special survey on short vacations on certain official holidays. The massive increase in tourism is a characteristic feature of the economic and social development of the last decades. The ongoing statistic on tourism which registers arrival and overnight stays in lodging establishments and private homes provides information on the travel-flow but not on the composition of the groups of travellers. This additional information is provided through sampling in many European countries on recommendation of the Organization for Economic Cooperation and Development (OECD). With this Mikrozensus special survey Austria contributes to this household survey on holiday habits which is conducted simultaneously in most OECD-countries. The comparability of the results is warranted thanks to a survey catalogue fixed by the OECD some time ago. Therefore, the question program differs only slightly from the question program of the year 1969.",en,doi:10.11587/ZILGRT,2020-06-24,2026-04-16 18:52:13,cessda,mikrocensus_1972__4__quarter__holiday_trips,,OAI-PMH+HTML
39,focus group,2,https://www.cessda.eu/Tools/Data-Catalogue,https://doi.org/10.11587/ZSFPAV,,Slovenian Neighborhoods in Styria 2005,No abstract available,en,doi:10.11587/ZSFPAV,2020-06-24,2026-04-16 18:52:16,cessda,slovenian_neighborhoods_in_styria_2005,,OAI-PMH+HTML
40,focus group,2,https://www.cessda.eu/Tools/Data-Catalogue,https://doi.org/10.11587/ZLLTLF,,Carinthian-Slovenian Neighborhoods 2004,No abstract available,en,doi:10.11587/ZLLTLF,2020-06-24,2026-04-16 18:52:17,cessda,carinthian_slovenian_neighborhoods_2004,,OAI-PMH+HTML
41,focus group,2,https://www.cessda.eu/Tools/Data-Catalogue,https://doi.org/10.11587/ZB08BG,,"Mikrocensus 1977, 4. quarter: Motor Vehicles, Driving Licenses","This Mikrozensus special survey consists of two parts of the traffic statistics: motor vehicles and driving licenses The first part is a repetition of the Mikrozensus special survey from September 1971 (Mikrozensus MZ7103) on motor vehicles and their road performance. The results of this survey were the basis for studies and measure in the fields of traffic policy, road safety and the general transport. By repeating this special survey, new data for these fields is collected. Moreover, changes due to the strong increase in the number of vehicles are are evaluated. More attention, than in the study from 1971, is also given to the energy consumption resulting from the performance of the vehicle. The questions are only on certain types of vehicles which are of special interest due to their road performance (passenger cars, estate cars, motorcycles, mopeds). Preliminary, important vehicle data and personal data of its owner are are collected. Then the questions are on the mileage at the time the vehicle was bought and at the time of the survey, as well as on the last working days and last weekends mileage. Owners of passenger- or estate cars are also asked how many people usually drive the car (as driver or passenger) from Monday to Friday as well as on the weekends and for what what purpose the car is mainly used. Up until now, statistics on driving licenses have only been conducted in some states on varying form (and therefore not really comparable). The results of this survey should provide information for the whole federal territory on the number of people with driving licenses, the data of the acquiring of the licence and the groups these licenses refer to.",en,doi:10.11587/ZB08BG,2020-06-24,2026-04-16 18:52:20,cessda,mikrocensus_1977__4__quarter__motor_vehicles__driving_licenses,,OAI-PMH+HTML
42,focus group,2,https://www.cessda.eu/Tools/Data-Catalogue,https://doi.org/10.11587/YTDVHA,,"Mikrocensus 1974, 4. quarter: Knowledge of Foreign Languages",A work group of the Council of Europe has developed a program for the evaluation the populations knowledge of foreign languages. It was recommended by the Council of Europe to the EU member states. It allows internationally comparable surveys on this topic over the next years. In Austria this survey is conducted as a Mikrozensus special survey in December 1974.,en,doi:10.11587/YTDVHA,2020-06-24,2026-04-16 18:52:23,cessda,mikrocensus_1974__4__quarter__knowledge_of_foreign_languages,,OAI-PMH+HTML
43,qdc,2,https://www.cessda.eu/Tools/Data-Catalogue,https://doi.org/10.11587/TS9QDC,,Omnibus Survey: Government policy of the ÖVP/ FPÖ coalition; strike vote ÖGB; security; attitudes towards the EU 2001,No abstract available,en,doi:10.11587/TS9QDC,2020-06-24,2026-04-16 18:53:23,cessda,omnibus_survey__government_policy_of_the_övp__fpö_coalition__strike_vote_ögb__se,,OAI-PMH+HTML
44,m2k,2,https://www.cessda.eu/Tools/Data-Catalogue,https://doi.org/10.11587/M2K8NB,,Aktuelle Fragen zur Politik 1998,Thema: Aktuelle Fragen zur Politik,en,doi:10.11587/M2K8NB,2021-05-11,2026-04-16 19:02:00,cessda,aktuelle_fragen_zur_politik_1998,,OAI-PMH+HTML
45,loa,2,https://www.cessda.eu/Tools/Data-Catalogue,https://doi.org/10.11587/NJ1ZTP,,AUTNES Automatic Content Analysis of the Media Coverage 2013 (SUF edition),"Full edition for scientific use. This is a dataset on the media coverage on the 2013 Austrian National Election. 43021 contributions from 61 print TV, radio and online media (selected according to various criteria to represent the Austrian media landscape as accurately as possible) were analyzed by means of automatic content analysis. All contributions refer to either a political party or a political candidate of the 2013 Austrian National Election. All contributions have been published between the 1st of August and the 29th of September 2013 (= election day). Articles were either provided by the APA database or downloaded using specially programmed scrapers. Central variables (selection): Metadata, such as title and subtitle of the article, medium, release date of the post; content coding: i.a. abstract topic, actors, frames, journalistic style.  Topics: 1. Metadata: news story´s headline and byline; personalization in the headline (top candidate focus); medium: media outlet each news story appeared in, categorized by media type and media genre; name of the outlet that published or broadcasted the story; date on which the news story was published or broadcasted; number of the page on which a news story appeared; news category in which the news story appeared; length of the news story in words.  2. Political knowledge (Austria´s minimum voting age (sixteen years old), threshold of votes for entering parliament); style in which an article is written, or an item is presented: conflict, proportion of emotion words in a news story (emotionalization); language of games, sportes and war; presence of an actor (parties, top candidates and members of government) in an article; policy issues (Wirtschaft, Wohlfahrtsstaat, Budget, Bildung und Kultur, Sicherheit, Bundesheer, Außenpolitik Europa, Infrastruktur, Gesellschaft, Umweltschutz, Institutionenreform, Immigration, undefined), no policy issue.  Additionally coded was: unique ID of the article across all AmCAT (Amsterdam Content Analysis Toolkit) servers; article-ID.",en,doi:10.11587/NJ1ZTP,2022-06-07,2026-04-16 19:02:20,cessda,autnes_automatic_content_analysis_of_the_media_coverage_2013__suf_edition,,OAI-PMH+HTML
46,mod,2,https://www.cessda.eu/Tools/Data-Catalogue,https://doi.org/10.11587/ZK4QEX,,"Mikrocensus 2001, 2. quarter: Extended Housing Survey, Duration and Structure of Working Time","Mikrozensus special survey duration and structure of Working Time According to the regulation No. 1578/2000 by the European Commission from 19th July 2000 member states have to conduct a sample survey on the ad-hoc module duration and structure of Working Time. The European Commission needs structural statistics on flexible working hour regulations and types of labour force to monitor employment policy guidelines. Austria follows this regulation by conduction this sample survey as a Mikrozensus special survey in June 2001. These types of working hour regulations and labour contracts are the focal point of the survey: 1. ostensible self-employment (questions B28-B30) 2. extra hours (questions B31-B32) 3. shift-work and shift-work models (questions B33-B35) 4. newer flexible working hour models, for instance annual Working Time, minimum Working Time, work on demand (questions B36-B41) The questions B42 and B42 are questions to control the conformity with the LFS (labour force survey) from March 2001. The questions on the extended housing survey, especially the information on the existence of parking spaces in garages or a car park and their costs are needed for the national accounts (calculation of the gross domestic product GDP).",en,doi:10.11587/ZK4QEX,2020-06-24,2026-04-16 19:02:52,cessda,mikrocensus_2001__2__quarter__extended_housing_survey__duration_and_structure_of,,OAI-PMH+HTML
47,mod,2,https://www.cessda.eu/Tools/Data-Catalogue,https://doi.org/10.11587/ZJKBDT,,"Mikrocensus 1980, 4. quarter: Sports, Leisure Time, and Domestic Accidents","Already in December 1970 (Mikrozensus MZ7004) a Mikrozensus special survey had been conducted on this topic. After ten years this special program is now repeated. Appropriated modifications of the question catalogue were needed. The social- and health care system is still very interested in this accident statistical data since surveys on accidents during sportive activities, recreational time or in the household are neither conducted regularly nor comprehensively (in contrast to traffic- and occupational accidents).",en,doi:10.11587/ZJKBDT,2020-06-24,2026-04-16 19:02:55,cessda,mikrocensus_1980__4__quarter__sports__leisure_time__and_domestic_accidents,,OAI-PMH+HTML
48,mod,2,https://www.cessda.eu/Tools/Data-Catalogue,https://doi.org/10.11587/W8NEVE,,PUMA Survey 1. Insights in societal changes in Austria,Full edition for scientific use. PUMA Surveys consist of separate modules designed and prepared by different principle investigators. This PUMA Survey consists of three modules. Fieldwork was conducted by Statistics Austria.,en,doi:10.11587/W8NEVE,2018-10-11,2026-04-16 19:02:59,cessda,puma_survey_1__insights_in_societal_changes_in_austria,,OAI-PMH+HTML
49,mod,2,https://www.cessda.eu/Tools/Data-Catalogue,https://doi.org/10.11587/W193UZ,,AUTNES Comparative Study of Electoral Systems Post-Election Survey 2017 (CSES Edition),Reduced edition for public use. Full edition available for scientific use. This is Open Access data based on the Comparative Study of Electoral Systems (CSES) Module 5 and focuses on the Austrian National Parliamentary Election held on 15 October 2017. This survey is part of the Austrian National Election Study (AUTNES).  You can find the CSES cross country data set and the english questionnaire for module 5 on the CSES Website.,en,doi:10.11587/W193UZ,2018-03-13,2026-04-16 19:03:00,cessda,autnes_comparative_study_of_electoral_systems_post_election_survey_2017__cses_ed,,OAI-PMH+HTML
